INSERT INTO r0991100.medewerker (medewerker_nummer, voornaam, achternaam, emailadres) VALUES (1, 'Damian', 'Larner', 'dlarner0@angelfire.com');
INSERT INTO r0991100.medewerker (medewerker_nummer, voornaam, achternaam, emailadres) VALUES (2, 'Felix', 'Scrowson', 'fscrowson1@mail.ru');
INSERT INTO r0991100.medewerker (medewerker_nummer, voornaam, achternaam, emailadres) VALUES (3, 'Olivero', 'Stickells', 'ostickells2@flavors.me');
INSERT INTO r0991100.medewerker (medewerker_nummer, voornaam, achternaam, emailadres) VALUES (4, 'Alleen', 'Iskower', 'aiskower3@163.com');
INSERT INTO r0991100.medewerker (medewerker_nummer, voornaam, achternaam, emailadres) VALUES (5, 'Myron', 'Older', 'molder4@wix.com');
INSERT INTO r0991100.medewerker (medewerker_nummer, voornaam, achternaam, emailadres) VALUES (6, 'Selina', 'Dumbrall', 'sdumbrall5@google.com.br');
INSERT INTO r0991100.medewerker (medewerker_nummer, voornaam, achternaam, emailadres) VALUES (7, 'Reinaldos', 'Baudou', 'rbaudou6@technorati.com');
INSERT INTO r0991100.medewerker (medewerker_nummer, voornaam, achternaam, emailadres) VALUES (8, 'Tracy', 'Govenlock', 'tgovenlock7@taobao.com');
INSERT INTO r0991100.medewerker (medewerker_nummer, voornaam, achternaam, emailadres) VALUES (9, 'Junette', 'Gaffon', 'jgaffon8@google.com.hk');
INSERT INTO r0991100.medewerker (medewerker_nummer, voornaam, achternaam, emailadres) VALUES (10, 'Kearney', 'Sackes', 'ksackes9@ehow.com');
INSERT INTO r0991100.medewerker (medewerker_nummer, voornaam, achternaam, emailadres) VALUES (11, 'Jaclin', 'McReath', 'jmcreatha@w3.org');
INSERT INTO r0991100.medewerker (medewerker_nummer, voornaam, achternaam, emailadres) VALUES (12, 'Em', 'Beadnell', 'ebeadnellb@plala.or.jp');
INSERT INTO r0991100.medewerker (medewerker_nummer, voornaam, achternaam, emailadres) VALUES (13, 'Bentley', 'Nafziger', 'bnafzigerc@wikispaces.com');
INSERT INTO r0991100.medewerker (medewerker_nummer, voornaam, achternaam, emailadres) VALUES (14, 'Gerhardine', 'Birkhead', 'gbirkheadd@examiner.com');
INSERT INTO r0991100.medewerker (medewerker_nummer, voornaam, achternaam, emailadres) VALUES (15, 'Flint', 'Ivison', 'fivisone@godaddy.com');
INSERT INTO r0991100.medewerker (medewerker_nummer, voornaam, achternaam, emailadres) VALUES (16, 'Lurlene', 'Hiner', 'lhinerf@1und1.de');
INSERT INTO r0991100.medewerker (medewerker_nummer, voornaam, achternaam, emailadres) VALUES (17, 'Cherise', 'Gregr', 'cgregrg@vk.com');
INSERT INTO r0991100.medewerker (medewerker_nummer, voornaam, achternaam, emailadres) VALUES (18, 'Burt', 'Houdmont', 'bhoudmonth@360.cn');
INSERT INTO r0991100.medewerker (medewerker_nummer, voornaam, achternaam, emailadres) VALUES (19, 'Stanislas', 'Donn', 'sdonni@jugem.jp');
INSERT INTO r0991100.medewerker (medewerker_nummer, voornaam, achternaam, emailadres) VALUES (20, 'Siward', 'Duckit', 'sduckitj@bbc.co.uk');
INSERT INTO r0991100.medewerker (medewerker_nummer, voornaam, achternaam, emailadres) VALUES (21, 'Reagen', 'Readshaw', 'rreadshawk@businesswire.com');
INSERT INTO r0991100.medewerker (medewerker_nummer, voornaam, achternaam, emailadres) VALUES (22, 'Pip', 'Otterwell', 'potterwelll@vkontakte.ru');
INSERT INTO r0991100.medewerker (medewerker_nummer, voornaam, achternaam, emailadres) VALUES (23, 'Gisele', 'Candie', 'gcandiem@cnet.com');
INSERT INTO r0991100.medewerker (medewerker_nummer, voornaam, achternaam, emailadres) VALUES (24, 'Eziechiele', 'Lucia', 'elucian@51.la');
INSERT INTO r0991100.medewerker (medewerker_nummer, voornaam, achternaam, emailadres) VALUES (25, 'Fraze', 'Bedingfield', 'fbedingfieldo@fastcompany.com');
INSERT INTO r0991100.medewerker (medewerker_nummer, voornaam, achternaam, emailadres) VALUES (26, 'Elmira', 'Ambrogioni', 'eambrogionip@narod.ru');
INSERT INTO r0991100.medewerker (medewerker_nummer, voornaam, achternaam, emailadres) VALUES (27, 'Holli', 'Ghest', 'hghestq@slate.com');
INSERT INTO r0991100.medewerker (medewerker_nummer, voornaam, achternaam, emailadres) VALUES (28, 'Giff', 'Jenkin', 'gjenkinr@quantcast.com');
INSERT INTO r0991100.medewerker (medewerker_nummer, voornaam, achternaam, emailadres) VALUES (29, 'Kathrine', 'Blezard', 'kblezards@amazonaws.com');
INSERT INTO r0991100.medewerker (medewerker_nummer, voornaam, achternaam, emailadres) VALUES (30, 'Brant', 'Drakes', 'bdrakest@plala.or.jp');

INSERT INTO r0991100.vestiging (vestiging_id, locatie, adres) VALUES (1, 'Estée', '4317 Knutson Pass');
INSERT INTO r0991100.vestiging (vestiging_id, locatie, adres) VALUES (2, 'Garçon', '5 Veith Point');
INSERT INTO r0991100.vestiging (vestiging_id, locatie, adres) VALUES (3, 'Audréanne', '79 Logan Hill');
INSERT INTO r0991100.vestiging (vestiging_id, locatie, adres) VALUES (4, 'Irène', '8 Butternut Trail');
INSERT INTO r0991100.vestiging (vestiging_id, locatie, adres) VALUES (5, 'Alizée', '28 Farragut Park');
INSERT INTO r0991100.vestiging (vestiging_id, locatie, adres) VALUES (6, 'Anaël', '807 High Crossing Terrace');
INSERT INTO r0991100.vestiging (vestiging_id, locatie, adres) VALUES (7, 'Yú', '532 Amoth Hill');
INSERT INTO r0991100.vestiging (vestiging_id, locatie, adres) VALUES (8, 'Léonore', '3064 Moose Crossing');
INSERT INTO r0991100.vestiging (vestiging_id, locatie, adres) VALUES (9, 'Aimée', '9108 Rowland Street');
INSERT INTO r0991100.vestiging (vestiging_id, locatie, adres) VALUES (10, 'Anaïs', '7 Bartelt Pass');

INSERT INTO r0991100.administrator (administrator_id, medewerker_nummer, vestiging_id) VALUES (1, 26, 6);
INSERT INTO r0991100.administrator (administrator_id, medewerker_nummer, vestiging_id) VALUES (2, 27, 8);
INSERT INTO r0991100.administrator (administrator_id, medewerker_nummer, vestiging_id) VALUES (3, 28, 8);
INSERT INTO r0991100.administrator (administrator_id, medewerker_nummer, vestiging_id) VALUES (4, 29, 1);
INSERT INTO r0991100.administrator (administrator_id, medewerker_nummer, vestiging_id) VALUES (5, 30, 2);

INSERT INTO r0991100.rijbewijs (rijbewijs_id, type_rijbewijs) VALUES (1, 'AM');
INSERT INTO r0991100.rijbewijs (rijbewijs_id, type_rijbewijs) VALUES (2, 'A');
INSERT INTO r0991100.rijbewijs (rijbewijs_id, type_rijbewijs) VALUES (3, 'A1');
INSERT INTO r0991100.rijbewijs (rijbewijs_id, type_rijbewijs) VALUES (4, 'A2');
INSERT INTO r0991100.rijbewijs (rijbewijs_id, type_rijbewijs) VALUES (5, 'B');
INSERT INTO r0991100.rijbewijs (rijbewijs_id, type_rijbewijs) VALUES (6, 'BE');
INSERT INTO r0991100.rijbewijs (rijbewijs_id, type_rijbewijs) VALUES (7, 'B+');
INSERT INTO r0991100.rijbewijs (rijbewijs_id, type_rijbewijs) VALUES (8, 'C');
INSERT INTO r0991100.rijbewijs (rijbewijs_id, type_rijbewijs) VALUES (9, 'CE');
INSERT INTO r0991100.rijbewijs (rijbewijs_id, type_rijbewijs) VALUES (10, 'C1');
INSERT INTO r0991100.rijbewijs (rijbewijs_id, type_rijbewijs) VALUES (11, 'CE');
INSERT INTO r0991100.rijbewijs (rijbewijs_id, type_rijbewijs) VALUES (12, 'D');
INSERT INTO r0991100.rijbewijs (rijbewijs_id, type_rijbewijs) VALUES (13, 'DE');
INSERT INTO r0991100.rijbewijs (rijbewijs_id, type_rijbewijs) VALUES (14, 'D1');
INSERT INTO r0991100.rijbewijs (rijbewijs_id, type_rijbewijs) VALUES (15, 'DE');
INSERT INTO r0991100.rijbewijs (rijbewijs_id, type_rijbewijs) VALUES (16, 'T');

INSERT INTO r0991100.lesgever (lesgever_id, medewerker_nummer, rijbewijs_id) VALUES (1, 1, 7);
INSERT INTO r0991100.lesgever (lesgever_id, medewerker_nummer, rijbewijs_id) VALUES (2, 2, 8);
INSERT INTO r0991100.lesgever (lesgever_id, medewerker_nummer, rijbewijs_id) VALUES (3, 3, 11);
INSERT INTO r0991100.lesgever (lesgever_id, medewerker_nummer, rijbewijs_id) VALUES (4, 4, 2);
INSERT INTO r0991100.lesgever (lesgever_id, medewerker_nummer, rijbewijs_id) VALUES (5, 5, 4);
INSERT INTO r0991100.lesgever (lesgever_id, medewerker_nummer, rijbewijs_id) VALUES (6, 6, 1);
INSERT INTO r0991100.lesgever (lesgever_id, medewerker_nummer, rijbewijs_id) VALUES (7, 7, 5);
INSERT INTO r0991100.lesgever (lesgever_id, medewerker_nummer, rijbewijs_id) VALUES (8, 8, 4);
INSERT INTO r0991100.lesgever (lesgever_id, medewerker_nummer, rijbewijs_id) VALUES (9, 9, 11);
INSERT INTO r0991100.lesgever (lesgever_id, medewerker_nummer, rijbewijs_id) VALUES (10, 10, 1);
INSERT INTO r0991100.lesgever (lesgever_id, medewerker_nummer, rijbewijs_id) VALUES (11, 11, 2);
INSERT INTO r0991100.lesgever (lesgever_id, medewerker_nummer, rijbewijs_id) VALUES (12, 12, 1);
INSERT INTO r0991100.lesgever (lesgever_id, medewerker_nummer, rijbewijs_id) VALUES (13, 13, 6);
INSERT INTO r0991100.lesgever (lesgever_id, medewerker_nummer, rijbewijs_id) VALUES (14, 14, 14);
INSERT INTO r0991100.lesgever (lesgever_id, medewerker_nummer, rijbewijs_id) VALUES (15, 15, 11);
INSERT INTO r0991100.lesgever (lesgever_id, medewerker_nummer, rijbewijs_id) VALUES (16, 16, 1);
INSERT INTO r0991100.lesgever (lesgever_id, medewerker_nummer, rijbewijs_id) VALUES (17, 17, 13);
INSERT INTO r0991100.lesgever (lesgever_id, medewerker_nummer, rijbewijs_id) VALUES (18, 18, 14);
INSERT INTO r0991100.lesgever (lesgever_id, medewerker_nummer, rijbewijs_id) VALUES (19, 19, 2);
INSERT INTO r0991100.lesgever (lesgever_id, medewerker_nummer, rijbewijs_id) VALUES (20, 20, 14);
INSERT INTO r0991100.lesgever (lesgever_id, medewerker_nummer, rijbewijs_id) VALUES (21, 21, 8);
INSERT INTO r0991100.lesgever (lesgever_id, medewerker_nummer, rijbewijs_id) VALUES (22, 22, 9);
INSERT INTO r0991100.lesgever (lesgever_id, medewerker_nummer, rijbewijs_id) VALUES (23, 23, 10);
INSERT INTO r0991100.lesgever (lesgever_id, medewerker_nummer, rijbewijs_id) VALUES (24, 24, 15);
INSERT INTO r0991100.lesgever (lesgever_id, medewerker_nummer, rijbewijs_id) VALUES (25, 25, 4);

INSERT INTO r0991100.lestopic (lestopic_id, topic, boek, prijs) VALUES (1, 'trivia', 'Una Motor Car', '06.5');
INSERT INTO r0991100.lestopic (lestopic_id, topic, boek, prijs) VALUES (2, 'vijligheid', 'Derick Driver', '15.2');
INSERT INTO r0991100.lestopic (lestopic_id, topic, boek, prijs) VALUES (3, 'rij regels', 'Octinoxate and Titanium Dioxide', '30.0');
INSERT INTO r0991100.lestopic (lestopic_id, topic, boek, prijs) VALUES (4, 'wag markeringen', 'Freeman Bhopping Guide', '08.9');
INSERT INTO r0991100.lestopic (lestopic_id, topic, boek, prijs) VALUES (5, 'on the road', 'On the Road to Success', '60.0');
INSERT INTO r0991100.lestopic (lestopic_id, topic, boek, prijs) VALUES (6, 'general', 'VLCB Driving Book', '75.9');

INSERT INTO r0991100.les (les_nummer, type_les, datum, begin_tijd, duur, lesgever_id, lestopic_id) VALUES (1, 'theorie', '30-12-2023', '18:49', 6, 1, 6);
INSERT INTO r0991100.les (les_nummer, type_les, datum, begin_tijd, duur, lesgever_id, lestopic_id) VALUES (2, 'theorie', '14-04-2024', '17:29', 4, 16, 5);
INSERT INTO r0991100.les (les_nummer, type_les, datum, begin_tijd, duur, lesgever_id, lestopic_id) VALUES (3, 'praktijk', '11-01-2024', '9:57', 5, 14, 4);
INSERT INTO r0991100.les (les_nummer, type_les, datum, begin_tijd, duur, lesgever_id, lestopic_id) VALUES (4, 'praktijk', '29-12-2023', '8:37', 6, 18, 6);
INSERT INTO r0991100.les (les_nummer, type_les, datum, begin_tijd, duur, lesgever_id, lestopic_id) VALUES (5, 'theorie', '05-02-2024', '12:22', 8, 22, 2);
INSERT INTO r0991100.les (les_nummer, type_les, datum, begin_tijd, duur, lesgever_id, lestopic_id) VALUES (6, 'praktijk', '06-03-2024', '18:14', 4, 12, 5);
INSERT INTO r0991100.les (les_nummer, type_les, datum, begin_tijd, duur, lesgever_id, lestopic_id) VALUES (7, 'theorie', '10-04-2024', '9:04', 7, 10, 2);
INSERT INTO r0991100.les (les_nummer, type_les, datum, begin_tijd, duur, lesgever_id, lestopic_id) VALUES (8, 'praktijk', '01-02-2024', '19:54', 5, 3, 4);

INSERT INTO r0991100.theorieles (theorieles_id, les_nummer, les_lokaal, leerling_capaciteit) VALUES (1, 1, 'B17', '26');
INSERT INTO r0991100.theorieles (theorieles_id, les_nummer, les_lokaal, leerling_capaciteit) VALUES (2, 2, 'C08', '24');
INSERT INTO r0991100.theorieles (theorieles_id, les_nummer, les_lokaal, leerling_capaciteit) VALUES (3, 5, 'NAN', '9');
INSERT INTO r0991100.theorieles (theorieles_id, les_nummer, les_lokaal, leerling_capaciteit) VALUES (4, 7, '003', '16');

INSERT INTO r0991100.voertuig (voertuig_kenteken, type_wagen) VALUES ('AAA-001', 'Lada');
INSERT INTO r0991100.voertuig (voertuig_kenteken, type_wagen) VALUES ('AAB-002', 'Fiat');
INSERT INTO r0991100.voertuig (voertuig_kenteken, type_wagen) VALUES ('AAC-003', 'Scooter');
INSERT INTO r0991100.voertuig (voertuig_kenteken, type_wagen) VALUES ('AAD-004', 'Vrachtwagen');

INSERT INTO r0991100.praktijkles (praktijkles_id, les_nummer, voertuig_kenteken) VALUES (1, 3, 'AAA-001');
INSERT INTO r0991100.praktijkles (praktijkles_id, les_nummer, voertuig_kenteken) VALUES (2, 4, 'AAB-002');
INSERT INTO r0991100.praktijkles (praktijkles_id, les_nummer, voertuig_kenteken) VALUES (3, 6, 'AAC-003');
INSERT INTO r0991100.praktijkles (praktijkles_id, les_nummer, voertuig_kenteken) VALUES (4, 8, 'AAD-004');

INSERT INTO r0991100.leerling (leerling_nummer, voornaam, achternaam, emailadres, gsm_nummer, les_type) VALUES (1, 'Rori', 'Butland', 'rbutland0@umich.edu', '3137882769', '晓烽');
INSERT INTO r0991100.leerling (leerling_nummer, voornaam, achternaam, emailadres, gsm_nummer, les_type) VALUES (2, 'Kristal', 'Assad', 'kassad1@latimes.com', '3938317338', '轩硕');
INSERT INTO r0991100.leerling (leerling_nummer, voornaam, achternaam, emailadres, gsm_nummer, les_type) VALUES (3, 'Elie', 'Barnewille', 'ebarnewille2@digg.com', '1319212332', '孜绍');
INSERT INTO r0991100.leerling (leerling_nummer, voornaam, achternaam, emailadres, gsm_nummer, les_type) VALUES (4, 'Robinia', 'Plews', 'rplews3@g.co', '1293891135', '墨含');
INSERT INTO r0991100.leerling (leerling_nummer, voornaam, achternaam, emailadres, gsm_nummer, les_type) VALUES (5, 'Georgiana', 'Poate', 'gpoate4@epa.gov', '9932843332', '昕磊');
INSERT INTO r0991100.leerling (leerling_nummer, voornaam, achternaam, emailadres, gsm_nummer, les_type) VALUES (6, 'Moyna', 'Bault', 'mbault5@bluehost.com', '9585063134', '浩成');
INSERT INTO r0991100.leerling (leerling_nummer, voornaam, achternaam, emailadres, gsm_nummer, les_type) VALUES (7, 'Elwira', 'Loody', 'eloody6@mediafire.com', '6048275244', '婧琪');
INSERT INTO r0991100.leerling (leerling_nummer, voornaam, achternaam, emailadres, gsm_nummer, les_type) VALUES (8, 'Dena', 'Trenholm', 'dtrenholm7@ameblo.jp', '5796554960', '泰霖');
INSERT INTO r0991100.leerling (leerling_nummer, voornaam, achternaam, emailadres, gsm_nummer, les_type) VALUES (9, 'Carolann', 'Cane', 'ccane8@blog.com', '5061703998', '宇涵');
INSERT INTO r0991100.leerling (leerling_nummer, voornaam, achternaam, emailadres, gsm_nummer, les_type) VALUES (10, 'Kynthia', 'Hutcheon', 'khutcheon9@zimbio.com', '3203746672', '孜绍');
INSERT INTO r0991100.leerling (leerling_nummer, voornaam, achternaam, emailadres, gsm_nummer, les_type) VALUES (11, 'Florian', 'Poulsum', 'fpoulsuma@g.co', '7661311584', '彦歆');
INSERT INTO r0991100.leerling (leerling_nummer, voornaam, achternaam, emailadres, gsm_nummer, les_type) VALUES (12, 'Jacklin', 'Jessopp', 'jjessoppb@uol.com.br', '7435577889', '远帆');
INSERT INTO r0991100.leerling (leerling_nummer, voornaam, achternaam, emailadres, gsm_nummer, les_type) VALUES (13, 'Chrystel', 'Renn', 'crennc@omniture.com', '5532151075', '睿杰');
INSERT INTO r0991100.leerling (leerling_nummer, voornaam, achternaam, emailadres, gsm_nummer, les_type) VALUES (14, 'Arlan', 'Olland', 'aollandd@europa.eu', '3596952533', '志宸');
INSERT INTO r0991100.leerling (leerling_nummer, voornaam, achternaam, emailadres, gsm_nummer, les_type) VALUES (15, 'Ripley', 'McNalley', 'rmcnalleye@huffingtonpost.com', '1217459366', '慧妍');
INSERT INTO r0991100.leerling (leerling_nummer, voornaam, achternaam, emailadres, gsm_nummer, les_type) VALUES (16, 'Judon', 'Southern', 'jsouthernf@discuz.net', '7212065217', '俊誉');
INSERT INTO r0991100.leerling (leerling_nummer, voornaam, achternaam, emailadres, gsm_nummer, les_type) VALUES (17, 'Abra', 'Martensen', 'amartenseng@yale.edu', '7797622347', '皓睿');
INSERT INTO r0991100.leerling (leerling_nummer, voornaam, achternaam, emailadres, gsm_nummer, les_type) VALUES (18, 'Katie', 'Trengrove', 'ktrengroveh@uiuc.edu', '8695648649', '婧琪');
INSERT INTO r0991100.leerling (leerling_nummer, voornaam, achternaam, emailadres, gsm_nummer, les_type) VALUES (19, 'Domenic', 'Martynikhin', 'dmartynikhini@nih.gov', '7069731987', '昕磊');
INSERT INTO r0991100.leerling (leerling_nummer, voornaam, achternaam, emailadres, gsm_nummer, les_type) VALUES (20, 'Barth', 'Foggarty', 'bfoggartyj@cnbc.com', '1201190599', '海程');
INSERT INTO r0991100.leerling (leerling_nummer, voornaam, achternaam, emailadres, gsm_nummer, les_type) VALUES (21, 'Oby', 'De Vuyst', 'odevuystk@soup.io', '6179509354', '宸赫');
INSERT INTO r0991100.leerling (leerling_nummer, voornaam, achternaam, emailadres, gsm_nummer, les_type) VALUES (22, 'Clarita', 'Monketon', 'cmonketonl@google.fr', '4478437495', '雨萌');
INSERT INTO r0991100.leerling (leerling_nummer, voornaam, achternaam, emailadres, gsm_nummer, les_type) VALUES (23, 'Lamond', 'deKnevet', 'ldeknevetm@deliciousdays.com', '1853715379', '哲恒');
INSERT INTO r0991100.leerling (leerling_nummer, voornaam, achternaam, emailadres, gsm_nummer, les_type) VALUES (24, 'Odella', 'Risborough', 'orisboroughn@vistaprint.com', '6747597336', '美琳');
INSERT INTO r0991100.leerling (leerling_nummer, voornaam, achternaam, emailadres, gsm_nummer, les_type) VALUES (25, 'Karlene', 'Washbrook', 'kwashbrooko@reverbnation.com', '3151093230', '云哲');
INSERT INTO r0991100.leerling (leerling_nummer, voornaam, achternaam, emailadres, gsm_nummer, les_type) VALUES (26, 'Lucio', 'Boshell', 'lboshellp@techcrunch.com', '4112537827', '玺越');
INSERT INTO r0991100.leerling (leerling_nummer, voornaam, achternaam, emailadres, gsm_nummer, les_type) VALUES (27, 'Theodoric', 'Sweeten', 'tsweetenq@mayoclinic.com', '9025883006', '伟菘');
INSERT INTO r0991100.leerling (leerling_nummer, voornaam, achternaam, emailadres, gsm_nummer, les_type) VALUES (28, 'Rikki', 'Gogie', 'rgogier@ft.com', '1951276811', '伟菘');
INSERT INTO r0991100.leerling (leerling_nummer, voornaam, achternaam, emailadres, gsm_nummer, les_type) VALUES (29, 'Mariellen', 'LLelweln', 'mllelwelns@walmart.com', '1886923889', '雪丽');
INSERT INTO r0991100.leerling (leerling_nummer, voornaam, achternaam, emailadres, gsm_nummer, les_type) VALUES (30, 'Nick', 'Holme', 'nholmet@icq.com', '9356149150', '展博');
INSERT INTO r0991100.leerling (leerling_nummer, voornaam, achternaam, emailadres, gsm_nummer, les_type) VALUES (31, 'Lisa', 'Heatherington', 'lheatheringtonu@ibm.com', '7706858474', '澄泓');
INSERT INTO r0991100.leerling (leerling_nummer, voornaam, achternaam, emailadres, gsm_nummer, les_type) VALUES (32, 'Quentin', 'Massinger', 'qmassingerv@drupal.org', '6666089795', '雨嘉');
INSERT INTO r0991100.leerling (leerling_nummer, voornaam, achternaam, emailadres, gsm_nummer, les_type) VALUES (33, 'Cosette', 'Daye', 'cdayew@zimbio.com', '8499592542', '漫妮');
INSERT INTO r0991100.leerling (leerling_nummer, voornaam, achternaam, emailadres, gsm_nummer, les_type) VALUES (34, 'Stormie', 'Roubay', 'sroubayx@businessinsider.com', '9447419309', '浩成');
INSERT INTO r0991100.leerling (leerling_nummer, voornaam, achternaam, emailadres, gsm_nummer, les_type) VALUES (35, 'Seline', 'Barnham', 'sbarnhamy@topsy.com', '5726846443', '澄泓');
INSERT INTO r0991100.leerling (leerling_nummer, voornaam, achternaam, emailadres, gsm_nummer, les_type) VALUES (36, 'Judah', 'McCurley', 'jmccurleyz@discuz.net', '3126831421', '伟菘');
INSERT INTO r0991100.leerling (leerling_nummer, voornaam, achternaam, emailadres, gsm_nummer, les_type) VALUES (37, 'Marlowe', 'Sharpling', 'msharpling10@nasa.gov', '1373746256', '雪丽');
INSERT INTO r0991100.leerling (leerling_nummer, voornaam, achternaam, emailadres, gsm_nummer, les_type) VALUES (38, 'Tomasine', 'Gladhill', 'tgladhill11@virginia.edu', '1677759870', '若瑾');
INSERT INTO r0991100.leerling (leerling_nummer, voornaam, achternaam, emailadres, gsm_nummer, les_type) VALUES (39, 'Kakalina', 'Letty', 'kletty12@si.edu', '1064140631', '佐仪');
INSERT INTO r0991100.leerling (leerling_nummer, voornaam, achternaam, emailadres, gsm_nummer, les_type) VALUES (40, 'Izzy', 'Wadge', 'iwadge13@bravesites.com', '8632956818', '远帆');
INSERT INTO r0991100.leerling (leerling_nummer, voornaam, achternaam, emailadres, gsm_nummer, les_type) VALUES (41, 'Donaugh', 'MacCracken', 'dmaccracken14@auda.org.au', '9448060216', '龙胜');
INSERT INTO r0991100.leerling (leerling_nummer, voornaam, achternaam, emailadres, gsm_nummer, les_type) VALUES (42, 'Rhea', 'Hambers', 'rhambers15@tmall.com', '9908685423', '远帆');
INSERT INTO r0991100.leerling (leerling_nummer, voornaam, achternaam, emailadres, gsm_nummer, les_type) VALUES (43, 'Pete', 'Lamberton', 'plamberton16@ca.gov', '2831046386', '梓彤');
INSERT INTO r0991100.leerling (leerling_nummer, voornaam, achternaam, emailadres, gsm_nummer, les_type) VALUES (44, 'Emmalyn', 'Spear', 'espear17@businesswire.com', '2364058598', '丰逸');
INSERT INTO r0991100.leerling (leerling_nummer, voornaam, achternaam, emailadres, gsm_nummer, les_type) VALUES (45, 'Ode', 'Laugier', 'olaugier18@reference.com', '3769229668', '睿杰');
INSERT INTO r0991100.leerling (leerling_nummer, voornaam, achternaam, emailadres, gsm_nummer, les_type) VALUES (46, 'Edvard', 'Woonton', 'ewoonton19@mediafire.com', '8816092921', '宸瑜');
INSERT INTO r0991100.leerling (leerling_nummer, voornaam, achternaam, emailadres, gsm_nummer, les_type) VALUES (47, 'Gare', 'Crookall', 'gcrookall1a@cnet.com', '8935495892', '秉皓');
INSERT INTO r0991100.leerling (leerling_nummer, voornaam, achternaam, emailadres, gsm_nummer, les_type) VALUES (48, 'Jermaine', 'Docharty', 'jdocharty1b@flickr.com', '4093909543', '澄泓');
INSERT INTO r0991100.leerling (leerling_nummer, voornaam, achternaam, emailadres, gsm_nummer, les_type) VALUES (49, 'Nara', 'Petrusch', 'npetrusch1c@howstuffworks.com', '7273908515', '彤雨');
INSERT INTO r0991100.leerling (leerling_nummer, voornaam, achternaam, emailadres, gsm_nummer, les_type) VALUES (50, 'Marlyn', 'McKleod', 'mmckleod1d@facebook.com', '6811618026', '博裕');
INSERT INTO r0991100.leerling (leerling_nummer, voornaam, achternaam, emailadres, gsm_nummer, les_type) VALUES (51, 'Jammal', 'Osant', 'josant1e@squidoo.com', '5968739106', '宸赫');
INSERT INTO r0991100.leerling (leerling_nummer, voornaam, achternaam, emailadres, gsm_nummer, les_type) VALUES (52, 'Dusty', 'Cobbe', 'dcobbe1f@sun.com', '6065357682', '俊泽');
INSERT INTO r0991100.leerling (leerling_nummer, voornaam, achternaam, emailadres, gsm_nummer, les_type) VALUES (53, 'Brandais', 'Sarsons', 'bsarsons1g@rakuten.co.jp', '3087569861', '美莲');
INSERT INTO r0991100.leerling (leerling_nummer, voornaam, achternaam, emailadres, gsm_nummer, les_type) VALUES (54, 'Ingeborg', 'Fozzard', 'ifozzard1h@economist.com', '2127184153', '俞凯');
INSERT INTO r0991100.leerling (leerling_nummer, voornaam, achternaam, emailadres, gsm_nummer, les_type) VALUES (55, 'Siobhan', 'Lardnar', 'slardnar1i@hp.com', '7347836633', '彦军');
INSERT INTO r0991100.leerling (leerling_nummer, voornaam, achternaam, emailadres, gsm_nummer, les_type) VALUES (56, 'Nial', 'Bacher', 'nbacher1j@quantcast.com', '6386995094', '银涵');
INSERT INTO r0991100.leerling (leerling_nummer, voornaam, achternaam, emailadres, gsm_nummer, les_type) VALUES (57, 'Rosemaria', 'Gossington', 'rgossington1k@usa.gov', '7207096407', '慧妍');
INSERT INTO r0991100.leerling (leerling_nummer, voornaam, achternaam, emailadres, gsm_nummer, les_type) VALUES (58, 'Natal', 'Henriet', 'nhenriet1l@alibaba.com', '1255654247', '孜绍');
INSERT INTO r0991100.leerling (leerling_nummer, voornaam, achternaam, emailadres, gsm_nummer, les_type) VALUES (59, 'Cyril', 'Oxton', 'coxton1m@ask.com', '1838405442', '若瑾');
INSERT INTO r0991100.leerling (leerling_nummer, voornaam, achternaam, emailadres, gsm_nummer, les_type) VALUES (60, 'Lavina', 'Rotte', 'lrotte1n@illinois.edu', '6478028742', '墨含');

INSERT INTO r0991100.evaluatie (evaluatie_id, leerling_nummer, praktijkles_id, opmerking, score) VALUES (1, 1, 4, '浩霖', 40);
INSERT INTO r0991100.evaluatie (evaluatie_id, leerling_nummer, praktijkles_id, opmerking, score) VALUES (2, 2, 2, '宸瑜', 45);
INSERT INTO r0991100.evaluatie (evaluatie_id, leerling_nummer, praktijkles_id, opmerking, score) VALUES (3, 3, 3, '羽彤', 34);
INSERT INTO r0991100.evaluatie (evaluatie_id, leerling_nummer, praktijkles_id, opmerking, score) VALUES (4, 4, 3, '志宸', 35);
INSERT INTO r0991100.evaluatie (evaluatie_id, leerling_nummer, praktijkles_id, opmerking, score) VALUES (5, 5, 1, '雨嘉', 44);
INSERT INTO r0991100.evaluatie (evaluatie_id, leerling_nummer, praktijkles_id, opmerking, score) VALUES (6, 6, 4, '澄泓', 46);
INSERT INTO r0991100.evaluatie (evaluatie_id, leerling_nummer, praktijkles_id, opmerking, score) VALUES (7, 7, 2, '云哲', 48);
INSERT INTO r0991100.evaluatie (evaluatie_id, leerling_nummer, praktijkles_id, opmerking, score) VALUES (8, 8, 2, '月婵', 33);
INSERT INTO r0991100.evaluatie (evaluatie_id, leerling_nummer, praktijkles_id, opmerking, score) VALUES (9, 9, 4, '萧然', 41);
INSERT INTO r0991100.evaluatie (evaluatie_id, leerling_nummer, praktijkles_id, opmerking, score) VALUES (10, 10, 2, '亦涵', 39);
INSERT INTO r0991100.evaluatie (evaluatie_id, leerling_nummer, praktijkles_id, opmerking, score) VALUES (11, 11, 3, '睿杰', 43);
INSERT INTO r0991100.evaluatie (evaluatie_id, leerling_nummer, praktijkles_id, opmerking, score) VALUES (12, 12, 1, '梦洁', 33);
INSERT INTO r0991100.evaluatie (evaluatie_id, leerling_nummer, praktijkles_id, opmerking, score) VALUES (13, 13, 2, '静香', 45);
INSERT INTO r0991100.evaluatie (evaluatie_id, leerling_nummer, praktijkles_id, opmerking, score) VALUES (14, 14, 1, '梓彤', 38);
INSERT INTO r0991100.evaluatie (evaluatie_id, leerling_nummer, praktijkles_id, opmerking, score) VALUES (15, 15, 1, '佐仪', 46);
INSERT INTO r0991100.evaluatie (evaluatie_id, leerling_nummer, praktijkles_id, opmerking, score) VALUES (16, 16, 4, '崇杉', 35);
INSERT INTO r0991100.evaluatie (evaluatie_id, leerling_nummer, praktijkles_id, opmerking, score) VALUES (17, 17, 4, '秩选', 46);
INSERT INTO r0991100.evaluatie (evaluatie_id, leerling_nummer, praktijkles_id, opmerking, score) VALUES (18, 18, 4, '辰华', 30);
INSERT INTO r0991100.evaluatie (evaluatie_id, leerling_nummer, praktijkles_id, opmerking, score) VALUES (19, 19, 1, '秩选', 35);
INSERT INTO r0991100.evaluatie (evaluatie_id, leerling_nummer, praktijkles_id, opmerking, score) VALUES (20, 20, 3, '轩硕', 45);
INSERT INTO r0991100.evaluatie (evaluatie_id, leerling_nummer, praktijkles_id, opmerking, score) VALUES (21, 21, 3, '佐仪', 48);
INSERT INTO r0991100.evaluatie (evaluatie_id, leerling_nummer, praktijkles_id, opmerking, score) VALUES (22, 22, 3, '博豪', 33);
INSERT INTO r0991100.evaluatie (evaluatie_id, leerling_nummer, praktijkles_id, opmerking, score) VALUES (23, 23, 3, '彦军', 34);
INSERT INTO r0991100.evaluatie (evaluatie_id, leerling_nummer, praktijkles_id, opmerking, score) VALUES (24, 24, 3, '墨含', 32);
INSERT INTO r0991100.evaluatie (evaluatie_id, leerling_nummer, praktijkles_id, opmerking, score) VALUES (25, 25, 1, '皓睿', 32);
INSERT INTO r0991100.evaluatie (evaluatie_id, leerling_nummer, praktijkles_id, opmerking, score) VALUES (26, 26, 2, '宸赫', 30);